{"_type":"export","__export_format":4,"__export_date":"2023-05-26T22:01:35.329Z","__export_source":"insomnia.desktop.app:v2023.2.2","resources":[{"_id":"req_b480fe75c53c473dbb0d07e9dc174266","parentId":"wrk_0a14a16e407a46b9b60a04a6894dcde8","modified":1685132362119,"created":1685132233254,"url":"{{ _.base_url }}/produto","name":"Exterminate","description":"","method":"DELETE","body":{},"parameters":[],"headers":[],"authentication":{},"metaSortKey":-1685132233254,"isPrivate":false,"settingStoreCookies":true,"settingSendCookies":true,"settingDisableRenderRequestBody":false,"settingEncodeUrl":true,"settingRebuildPath":true,"settingFollowRedirects":"global","_type":"request"},{"_id":"wrk_0a14a16e407a46b9b60a04a6894dcde8","parentId":null,"modified":1685131528660,"created":1685131528660,"name":"Estoque","description":"","scope":"collection","_type":"workspace"},{"_id":"req_3c548422b41340a68e5666bf671bf589","parentId":"wrk_0a14a16e407a46b9b60a04a6894dcde8","modified":1685132599219,"created":1685131533669,"url":"{{ _.base_url }}/produto","name":"Criação ","description":"","method":"POST","body":{"mimeType":"application/json","text":"{\n  \"nome\": \"Novo Nome\",\n  \"quantidade\": 10,\n  \"fornecedor\": \"Novo Fornecedor\",\n  \"datavalidade\": \"2023-06-30\"\n}"},"parameters":[],"headers":[{"name":"Content-Type","value":"application/json"}],"authentication":{},"metaSortKey":-1685131533669,"isPrivate":false,"settingStoreCookies":true,"settingSendCookies":true,"settingDisableRenderRequestBody":false,"settingEncodeUrl":true,"settingRebuildPath":true,"settingFollowRedirects":"global","_type":"request"},{"_id":"req_f254c74f163f473981cd4ef59cc68ba4","parentId":"wrk_0a14a16e407a46b9b60a04a6894dcde8","modified":1685132711431,"created":1685132350859,"url":"{{ _.base_url }}/produto","name":"Atualização ","description":"","method":"PUT","body":{"mimeType":"application/json","text":"{\n\t\"barra\": 56556,\n  \"nome\": \"Novo Nome\",\n  \"quantidade\": 10,\n  \"fornecedor\": \"Novo Fornecedor\",\n  \"datavalidade\": \"2023-06-30\"\n}"},"parameters":[],"headers":[{"name":"Content-Type","value":"application/json"}],"authentication":{},"metaSortKey":-1685075881187,"isPrivate":false,"settingStoreCookies":true,"settingSendCookies":true,"settingDisableRenderRequestBody":false,"settingEncodeUrl":true,"settingRebuildPath":true,"settingFollowRedirects":"global","_type":"request"},{"_id":"req_0e00d03562cd409083a33e0d2bd31ea3","parentId":"wrk_0a14a16e407a46b9b60a04a6894dcde8","modified":1685132516970,"created":1685132352876,"url":"{{ _.base_url }}/produto","name":"Leitura ","description":"","method":"GET","body":{},"parameters":[],"headers":[],"authentication":{},"metaSortKey":-1685048054946,"isPrivate":false,"settingStoreCookies":true,"settingSendCookies":true,"settingDisableRenderRequestBody":false,"settingEncodeUrl":true,"settingRebuildPath":true,"settingFollowRedirects":"global","_type":"request"},{"_id":"req_89936a470170411f88a18cb77f4f6456","parentId":"wrk_0a14a16e407a46b9b60a04a6894dcde8","modified":1685137861846,"created":1685137077487,"url":"{{ _.base_url }}/cliente","name":"Leitura Cliente","description":"","method":"GET","body":{},"parameters":[],"headers":[],"authentication":{},"metaSortKey":-1685048054921,"isPrivate":false,"settingStoreCookies":true,"settingSendCookies":true,"settingDisableRenderRequestBody":false,"settingEncodeUrl":true,"settingRebuildPath":true,"settingFollowRedirects":"global","_type":"request"},{"_id":"req_e82a7a18fb90470aa5328b6c58c16ac4","parentId":"wrk_0a14a16e407a46b9b60a04a6894dcde8","modified":1685137858242,"created":1685136882205,"url":"{{ _.base_url }}/cliente","name":"Criação Cliente","description":"","method":"POST","body":{"mimeType":"application/json","text":"{\n\t\"idCliente\": 20,\n  \"nome\": \"Link\",\n  \"endereco\": \"Hyrule, 10\",\n  \"telefone\": \"16565\"\n  \n}"},"parameters":[],"headers":[{"name":"Content-Type","value":"application/json"}],"authentication":{},"metaSortKey":-1685048054896,"isPrivate":false,"settingStoreCookies":true,"settingSendCookies":true,"settingDisableRenderRequestBody":false,"settingEncodeUrl":true,"settingRebuildPath":true,"settingFollowRedirects":"global","_type":"request"},{"_id":"req_0d12b25e45c9454e8bc484825d978d74","parentId":"wrk_0a14a16e407a46b9b60a04a6894dcde8","modified":1685137880751,"created":1685137874607,"url":"{{ _.base_url }}/cliente","name":"Exterminate Cliente","description":"","method":"DELETE","body":{},"parameters":[],"headers":[],"authentication":{},"metaSortKey":-1685048054846,"isPrivate":false,"settingStoreCookies":true,"settingSendCookies":true,"settingDisableRenderRequestBody":false,"settingEncodeUrl":true,"settingRebuildPath":true,"settingFollowRedirects":"global","_type":"request"},{"_id":"env_ce9af81f8bc3c1b4838892c823ca53fc03075e7f","parentId":"wrk_0a14a16e407a46b9b60a04a6894dcde8","modified":1685131688738,"created":1685131528678,"name":"Base Environment","data":{"base_url":"http://localhost:8080/api"},"dataPropertyOrder":{"&":["base_url"]},"color":null,"isPrivate":false,"metaSortKey":1685131528678,"_type":"environment"},{"_id":"jar_ce9af81f8bc3c1b4838892c823ca53fc03075e7f","parentId":"wrk_0a14a16e407a46b9b60a04a6894dcde8","modified":1685131528682,"created":1685131528682,"name":"Default Jar","cookies":[],"_type":"cookie_jar"},{"_id":"spc_d5ca19d5569c4286a7a12b5f5d81ce40","parentId":"wrk_0a14a16e407a46b9b60a04a6894dcde8","modified":1685131528663,"created":1685131528663,"fileName":"Estoque","contents":"","contentType":"yaml","_type":"api_spec"}]}